时间,曝气速率,搅拌器功率(pw2),底物进料速度(Fs2),底物进料温度(Tf2),底物浓度, 溶氧浓度,生物量,体积,CO2,ph,温度,产热,FLA酸流速,FLB碱流速,FLC冷却加热水流速,青霉素浓度
2.2204460492503091e-16,8.523891673188022,30.071553196653422,0.006227634173593712,295.44138921404505,15.933507486172616,1.1512187471209627,0.19044269924928747,101.93473282249364,0.60634520607031,4.99216692815671,297.8703792484578,0.004880147780975782,0.011480731737587062,0.005285981839120678,-0.06632940865555909,0.009811919093524057
5.0,8.60073282071173,30.04537988234515,0.007688378497407548,295.414544502766,15.760131367679948,1.1400212624413484,0.15673182893367232,101.8338263480039,0.575952567153658,4.994419692524997,296.8800438215112,0.41068058363778015,0.019340681637092447,0.03631554573785188,0.004109022536427088,0.056986397742024714
10.0,8.504567361664188,29.89061804948745,-0.015082925490686875,295.3071221105141,15.648687206587356,1.0879581279250339,0.23807660390857327,101.86651486014183,0.611906790163576,4.9355433182809705,296.8992599463097,1.0311720946522784,-0.022758101560259186,0.021324060664665547,0.029954451779182337,0.04320353173029644
15.0,8.479107816895048,29.999169733316414,0.027817437993502968,295.37419326252495,15.280216624134464,1.1326364341550978,0.5086243573844329,101.65573121836685,0.8554907413828587,5.013629600746125,296.95191678328126,2.0474016961490875,-0.043127079265842944,0.06287225329366813,0.004415564740145964,0.04921851918544123
20.0,8.419279790342433,29.910577760118276,-0.018974770962140862,295.4645466585535,14.603157555403424,1.093984961850424,0.7450807166392733,101.54769331452421,0.67764789901165,4.958539812688384,296.96118087423275,3.765274899789571,-0.02037872573097605,0.07783902388161677,0.025605992548065552,-0.020207081016350045
25.0,8.550261205028955,29.898866118582355,0.13407224242448057,295.44299212181755,13.379822705027674,1.055506107971601,1.2694106008555144,101.40742059661255,0.7689893959126313,4.996761301049569,297.0882107204802,6.476806643247457,-0.08059539064736591,-0.029268586012281182,0.08521815699838187,0.030155208401018527
30.0,8.612309768102968,29.91637937701553,0.02828675266069486,295.3643517201081,11.75188891746135,1.097959359606996,1.8976774339165174,101.33703714884771,0.8440677070634122,5.036774407439248,297.44520580866316,10.94560096347963,-0.02932770541867144,0.001184898095139577,0.05090686972355404,0.09237027396526805
35.0,8.529635674763934,29.896233968077453,0.07278682415936565,295.41050959558135,9.015566456224398,1.0705843511651234,3.008884963384273,101.22444604779754,1.0613140669542587,4.940423319913882,297.6169926956759,18.090493431555238,0.013412227882763264,0.011945550200257428,35.057343062624575,0.0533415595524461
40.0,8.627820178356838,29.9320770821573,0.024762346520149085,295.49841817515556,4.887486540697589,0.9969248647767367,4.737084522633194,100.9891949662381,1.3610245185290069,4.918252439946407,297.3007380507014,28.67717082519481,-0.04502085477795915,0.03590732893207431,18.128843127582098,0.06103598077459588
45.0,8.626589758586253,29.918049225464365,0.030510263326362263,295.4594389224841,0.23983890076160708,1.037992625625081,6.608046197894483,101.01369707012788,1.4752129103889735,5.1321977201580085,297.33401601663536,39.94461811651648,0.008406109326383684,-0.06569972964167313,0.007564230400139146,0.008330618738002563
50.0,8.643130459679188,29.919643258960843,0.11914775870854255,295.41296068622626,0.05622368231868354,1.0817103006981672,6.937245806844878,100.90148786140982,1.6111482913103454,5.2381626682099895,297.74526197798804,41.685170240510665,0.05797605974863029,0.014123453546762251,89.15161121611162,0.15179752225887763
55.0,8.571300171996892,29.973938951319674,-0.030247310997014977,295.55528308982747,0.03040573471388354,1.0107630534621928,7.115437909269441,101.04471990172235,1.6766149134896575,5.033222351208622,297.12215046863463,43.13925085454307,0.0068150058121629505,0.03569853619418313,0.008223995115626881,0.19698182701400377
60.0,8.548060019440051,29.89139978328203,0.02582971710008053,295.4710495511817,0.1724374139944854,1.1035730004718716,7.517933275682038,101.1427558972249,1.6230794237353896,4.938075175870102,297.49864086523854,44.76261276633282,0.11542396843607525,0.015299458807616243,20.017617094442492,0.2066867950072088
65.0,8.541227626926231,29.895262808201895,0.056563503170658315,295.3618637822249,0.09044252881643937,0.9661078887106223,7.74033124015014,101.20208244206958,1.6922351831681173,5.062084684998778,297.2844336250919,46.36454978845575,0.01616656379755333,-0.032732779597244244,66.7890537600599,0.28494982935249497
70.0,8.558397637467555,30.02394138681929,0.07542410126119842,295.4960598378526,0.13514551106993522,1.0757727205111995,7.949491188972488,101.31619085674086,1.8279365060458448,5.07143576480375,297.4192719069141,47.85950133409594,-0.018216944107661812,0.0520555945542737,0.0315096864982326,0.3157606834472194
75.0,8.557048774056586,30.002031817090966,0.08919371498776664,295.4855509082777,0.13419640034048397,1.0499964305307685,8.312730307392615,101.3909432279879,1.7430991647344902,5.000253956136455,297.44892528355246,49.17964319919339,-0.04779471438847621,-0.06119530997711298,88.54741692728531,0.4346151969168197
80.0,8.507325750215589,30.147989719826374,-0.01029547197298742,295.48585336694924,0.0916762040302752,1.1040962172800506,8.371181504771391,101.49422350278965,1.8556597614256904,4.983610588264611,297.1852047426393,50.58547610734264,-0.01846180875407376,-0.046807090431652244,0.11001064445894684,0.3518292651718229
85.0,8.589136077053094,30.088838028189734,0.06734090255007952,295.402850224125,0.09297434635186722,1.085155827978832,8.632831259146835,101.64024802378954,1.8845637341710315,4.957270499208441,297.8419541286989,51.882582801026984,0.057431705842908666,-0.07113216241399525,102.38309940243639,0.44222441834561166
90.0,8.534196741288481,30.156932521579524,0.01408537996518855,295.42885803598676,0.04112788229258357,1.1373337591225168,8.841965123782032,101.59739841607453,1.922870742863881,5.004030848167012,297.1339916787962,53.023252432390144,-0.04132801159970842,0.015468667415314125,-0.07050006797204485,0.44055945002844055
95.0,8.59376066677122,29.914366078865555,-0.012634049662354221,295.41302274579834,0.05798997250415964,1.156059247989165,8.99637983310125,101.68916573343476,2.0413854055696627,4.932400363249429,297.464379044272,54.15299996080777,0.023543676083682727,0.030498684026259718,40.187846328150634,0.38102584570511333
100.0,8.49219463980925,29.953116399176444,0.0028922146566514456,295.4131032555863,0.12577257114641777,1.0704463391132424,9.19489647382187,101.84536370950669,2.0415948375239945,4.935030914351982,297.4926538821672,55.21838008778441,-0.029501449987004172,-0.033005827489510454,79.79745398885674,0.4259356085236185
105.0,8.575777695089405,29.8057610622996,0.03235112338035881,295.37163349769185,0.08100240500850671,0.9672133964342826,9.295804470872108,101.98063331473426,1.9777459499304322,4.964827274248592,297.47186478444644,56.36638816002124,0.054007873869853534,0.049180742917563164,0.9046887474538525,0.5828013673431506
110.0,8.445923047115054,29.957130944276894,0.1379504090490003,295.47723346991296,0.04149089722511032,0.9659110139519622,9.575165265500369,102.06596192154984,1.9530804744576593,4.984985636044499,297.39295549520193,57.30907508903402,-0.02384053827864957,0.028226281727642594,107.8229070809851,0.5314202851489574
115.0,8.553774108273974,29.958620866041983,0.011484506032276437,295.57937443464306,0.09444373394423664,1.019911516963867,9.722960805031741,102.03388821422412,2.062750328576433,4.9619915835385155,297.2433138774313,58.26585437581506,-0.08821064342725712,0.09880042802720464,0.031016532540461134,0.5833543372193721
120.0,8.434188632000147,29.968037487080483,-0.0045324179421126695,295.37501831526686,-0.03903861293299962,1.0613716031320732,9.848319110059343,102.18346063358554,2.0788684907347847,5.059987248325909,297.6163620413279,58.98588943919348,-0.07401785523663466,-0.06976805736176397,122.13137540366094,0.637112259431653
125.0,8.520122957650685,29.934511078922586,0.06076230036744112,295.3905752901233,0.0460431779562956,0.9920613069018627,9.938090522270459,102.26712655781614,2.0463339333860495,4.910092778453948,297.2327179219187,59.90553059229691,-0.0880745787890029,-0.004997513467888139,-0.10136137784277872,0.7224470359239863
130.0,8.54800507440125,29.82338743484337,0.08681247602808778,295.3501900938268,0.00910852406665795,1.0753306003856271,10.08142802600224,102.34928143221482,2.0489695358318154,5.013611712852397,297.5405303241947,60.63887303676839,0.027975086864414675,0.005577419865931785,73.90056341928296,0.6737526989223406
135.0,8.453661254597938,29.8219712150217,-0.019189887746167998,295.31192316569684,-0.0454206069234859,1.0617971872474865,10.141132830962839,102.40779720764208,2.049818712501433,5.022296613230487,297.3187797417507,61.40921939849452,0.08369112019796991,0.01903718384433401,25.032152685479836,0.6955731338744165
140.0,8.416095779421815,29.698845408446587,0.09986719069329834,295.33061506608067,0.03856841301052535,1.0514282836572784,10.35615501046294,102.45227014128174,2.069018004216897,5.018111020428793,297.4352319960111,62.13615475412953,0.10158693041318018,0.03011679910594239,45.58959263625072,0.7242628993178193
145.0,8.542681873070944,29.885041836648572,0.07033967814347676,295.4071739580623,0.06381981419139188,1.0172771015402142,10.501735476040848,102.66306200199058,2.185562941290505,5.0826637342040675,297.4714168616307,62.935605362027765,0.012269984531952032,0.003585949582091295,42.59133172876657,0.799266295924684
150.0,8.600116691827784,29.87109109338613,0.03220960293631498,295.4084733223042,0.11894829289451982,1.010039439031859,10.547931451170394,102.73278234653264,2.2652465203376297,4.957765989811817,297.4228928517683,63.740650619239,0.03939780689430159,-0.014346302237626972,39.22722353362658,0.7079620601379197
155.0,8.64798184870799,29.935585139739718,0.0634390594501699,295.36773824811655,0.005112885327214087,1.1460594078546378,10.683748113795767,102.82387049171783,2.1242315574162847,4.9362640146207815,297.4110428151657,64.45635262941182,-0.03579349015316004,-0.03306972845272342,47.49588563974244,0.9256317967340855
160.0,8.583882328728638,29.903173448572733,0.008173749918431839,295.4316950135258,0.07883595289231057,1.0618727468957807,10.795288743633437,102.96410388416132,2.0920176483883495,4.972193375206382,297.451126239734,65.17070740399379,-0.0032190902157292903,0.05223240702757913,40.96246933801981,0.832492047785892
165.0,8.614736031845007,29.9824952847167,0.0486153229916401,295.56287813807063,0.07048089095621615,1.0546701498922684,10.921435755543952,103.00263331241581,2.133388681667304,4.981723091262132,297.47744184819294,65.83437900473588,-0.06257951820692036,-0.033966368889746676,47.48988465330129,0.8361863199156787
170.0,8.538308851353388,29.875047680640705,0.092404789375646,295.3688363624864,0.14954154870423014,1.0607378159815841,10.982465905733356,103.01068672396597,2.1681157377579603,4.947499695998793,297.43064094213776,66.50347559422482,-0.07384150807672225,0.005580536995763875,43.82446420533537,0.8283827994115075
175.0,8.548160788147637,29.93244981536995,0.1179089656151473,295.48642989512496,0.07252277730969595,1.0369494433113648,11.04250802821057,103.16666206477795,2.2745136392685157,5.026829745076825,297.39434836015204,66.86960753619512,-0.08748194163072424,0.1150131711708438,47.1895914784872,0.8151459366853043
180.0,8.410740474986135,29.89513229275611,0.07379581451245548,295.4053658111193,0.019858081423463538,1.0912326326617974,11.176364910790845,103.20704088089283,2.298993827521866,4.999003586664692,297.3947683953358,67.37168467418454,-0.052750766032166836,-0.022335692850022994,45.777451062192405,0.976974263073829
185.0,8.60696573495923,30.020213966672795,0.06800961886303349,295.36591484746907,0.05762274112983052,1.0722738451453038,11.190794466465535,103.30278840410361,2.1573969928610772,4.979146076023455,297.4537555222104,67.55475228592071,0.037189424806560054,0.030364204456792693,47.25850252412412,0.9420213474234619
190.0,8.496174318996179,30.000407110394317,0.057726452324942064,295.29272082221587,-0.07384221144203304,1.0647264776895646,11.204637712701158,103.47357680318734,2.293868817983974,4.930491661105935,297.3501387063712,67.81741378976167,0.014056009798000086,0.02483562939134711,46.74126386991483,0.977330155044362
195.0,8.52655737493242,30.0575730527988,0.06057582906236551,295.4724510946374,0.02582295349310145,1.0775965205139473,11.280238691437173,103.58308523772747,2.3619816424967066,4.984345113770512,297.39942834091875,67.97004532631719,-0.0411197554234252,0.05038795918170305,47.281710679621966,1.0555974493255553
200.0,8.419245087506013,30.133698771299503,-0.013258103321222015,295.3170489757778,-0.06868581386547334,1.039446354801218,11.288939964661294,103.554258034511,2.2811768210131427,5.050227972766308,297.51908213764005,68.08140075567546,0.009306681266513756,-0.014038229499548308,47.11567514492545,1.159510654428735
205.0,8.499591945992597,30.1812879131304,0.07144938495504363,295.4432846038124,0.01588585058775687,1.0670978214283335,11.326678215421849,103.54784394061868,2.3188318021954704,4.984260330555313,297.49825335373475,68.39982500114944,-0.024689197358806054,-0.03355931369565868,47.38219731549983,0.9970477903212347
210.0,8.427108432286643,30.171285200499394,-0.002723183339865806,295.4337874878097,-0.020696397243755132,0.9995632252483618,11.249428603663995,103.77168614579206,2.2001441266048727,4.961207813587925,297.43600822326613,68.30422360985544,0.033914799771825675,0.10333739792996308,47.68991449792044,1.1476893552819103
215.0,8.47838962584061,30.27959798421175,0.10556404830530479,295.38638423940125,0.014563290244653417,1.0856260673346425,11.38768060863948,103.86658657316846,2.2045100716694437,5.0317481057040885,297.40522030730045,68.36881851255994,-0.06602282557466785,-0.005462184458395886,47.64722200222351,1.1198637744399782
220.0,8.564288195846975,30.323622757230076,0.08283984927435006,295.3990721477294,-0.054469250505567515,1.1360808038505987,11.373576953298144,103.88388925804655,2.313866511706996,5.0094222683892475,297.478578924917,68.44204837748973,0.05028607662014726,0.01973387676871345,48.00295412119359,1.1185801577840253
225.0,8.566160571113354,30.27493130697516,0.07379164408915628,295.3887445869053,-0.024377429553317127,1.0961626561787932,11.482905336269782,103.95853388303664,2.280192331348805,5.098866577340003,297.4524261242882,68.59587855445812,0.0859829429508505,-0.02973324462156137,47.99236101067284,1.1712264367538652
230.0,8.672515807453658,30.18941624973478,-0.002609955372877344,295.42263950357636,0.09080841587753427,1.0983115839154318,11.352944326467297,103.96207544743898,2.271349795671333,5.028574841459762,297.45281777788193,68.73699582617719,-0.027178268354613254,-0.019317877146232384,48.07215047192147,1.1793659017410487
235.0,8.610201810804183,30.18888364772557,-0.06229150576933208,295.4197798070987,-0.019971778555817155,1.1521388927495961,11.34790668300654,103.99756511355915,2.36539164153386,5.014467486613649,297.4376479976989,68.95151047518918,-0.01764232268014716,-0.0261827940777889,48.3660997094934,1.1114977982362677
240.0,8.667777334339224,30.09790839753225,-0.031102642579371297,295.43422650796356,-0.007224552792544817,1.1362150075089512,11.353682344847018,104.10108152705143,2.2887996354277313,5.009662066781921,297.3892766477624,69.13722178826589,0.08795137710484584,-0.02864003010467742,48.35873501912744,1.153942274710172
245.0,8.555287406999545,30.127314242293675,0.061065908847968996,295.4160941221416,0.02376762983143469,1.009340702803191,11.518442934385112,104.22989691859112,2.361382084947694,4.976324592561069,297.4102570292888,69.39193696328627,0.028895346460539765,0.07372729583042746,48.73892317809236,1.2704125315491905
250.0,8.562626553076383,30.060535553468092,-0.016918830499189554,295.439577638192,0.0008928370580552764,0.9732001374660146,11.57443206488233,104.37865785680394,2.252511903790732,5.025193162575881,297.4306930404763,69.67241562153124,0.027472323064724812,-0.018471242411229143,49.19859199630548,1.0631691894496043
255.0,8.622766180096981,30.17832750609053,0.10036774184487955,295.41607784474974,0.05956004870890409,1.073169213839243,11.539877083742878,104.43627946687113,2.39877526504451,4.8792273130343915,297.4442533018342,69.96274206948704,-0.05726174430416179,0.017449227100293587,49.34993822367829,1.1060026517736654
260.0,8.556494514119178,30.06174282180945,-0.0037248560240132345,295.52368046676105,0.022320899667000453,1.0809394427548162,11.693613633669575,104.51014308731253,2.4285068168767623,4.996473489612024,297.53187859442056,70.25534281704202,-0.03362071168666861,0.005768248419401476,49.78781903728917,1.1350000638571967
265.0,8.642373055254188,30.174006113206904,-0.033294534692387766,295.43197187746426,-0.059606356540416953,1.0117492597793554,11.708473194166574,104.57288047677991,2.556549155084456,4.884454091424759,297.423561794753,70.50389021418785,-0.007365191405699013,0.024617317276438535,50.01665574848641,1.222290993547925
270.0,8.497991232500908,30.223150149145656,-0.0280025289853636,295.4110846976494,0.015030173485740539,1.1031309327840206,11.632753028768297,104.6741372273538,2.3138327573393873,5.01758648308754,297.37249972948075,70.70140061229816,0.06921899211024182,0.04881776721484065,50.01533872530969,1.193025535805302
275.0,8.600890113744462,30.312695826536995,0.06912702812540046,295.35652018647835,-0.016029355503992718,1.0330710898111886,11.72088687740302,104.74390526790295,2.384558556207027,4.986155127705713,297.4301218474575,70.89889514881143,-0.07255602932985485,0.0495156833667041,50.32816642646076,1.2451604522525028
280.0,8.63579077734919,30.360278627550585,0.10336460207675115,295.3694680566017,0.04723971797154348,1.0282063419970437,11.75638282916885,104.88557010855621,2.427834176693674,5.026465608010625,297.41848618937206,71.02029744132692,0.04462758492468852,0.04004625328198645,50.22801357303206,1.1850756322478089
285.0,8.694981630761193,30.386539555342665,0.09154296725736094,295.3776282319039,0.002421465313269179,1.0146577589961558,11.766192694680612,105.0183525109717,2.3885404388956286,5.079554498238141,297.4114255238075,71.27978652244877,0.0626527573781521,0.030258409268243674,50.63319623473521,1.1162906098696608
290.0,8.621146723235768,30.317048305702905,0.04093267236503772,295.3927021187921,0.01133659911638449,1.0914539517360926,11.783056115487085,105.02857710389158,2.377196337206205,5.075267108512833,297.4236944872129,71.29121716709254,0.0035619396370374793,-0.08674536061160232,50.89417355281451,1.2669986817174552
295.0,8.723621724633427,30.283629003259616,0.05567500498109935,295.4388279730401,-0.0008995943773488745,0.9981513568227511,11.887777058219712,105.0860548654051,2.43175164875134,5.029704407003267,297.43082102992014,71.37197199292578,-0.01271663702881454,0.16202344140814215,50.9319766724559,1.1832448338865547
2.2204460492503091e-16,8.611805256470664,30.003307323610933,0.02804923087810808,295.4026154613339,15.91729502210593,1.1649312835418228,0.09425825892277334,102.02223868321312,0.8823859371540197,5.01358719868805,297.8449486271164,-0.04249555392925041,0.001185175578375654,0.027185070357095477,-0.002847220428256617,0.04780111812822098
5.0,8.517443072248712,30.061779104355864,0.009274201631336266,295.46236446335524,15.775680799168711,1.0376042375142491,0.1735417865458397,101.90066298149927,0.8975505089873912,5.055604889160982,296.975522454627,0.41556525718008186,-0.02251957456036778,0.08509166569289414,-0.08564669746833008,0.0097650488427183
10.0,8.440660803269665,30.140632657224273,-0.09476500779028448,295.50047367234595,15.653779042291676,1.0773618141555728,0.19065853072614636,101.8501894360763,0.8677025362715827,5.013129551360904,297.05384873062906,1.0817707435374828,0.0038937674787714576,0.08706362131528077,0.034835206082986014,-0.03612773852725674
15.0,8.474412236691911,30.192840007911492,0.025140599270728155,295.4513126871363,15.149540992539523,1.104367559372962,0.4802899927293538,101.70000003035658,0.9841532370680637,5.016426680082381,297.12727362004927,2.0241586316763502,0.06749203299731933,0.06120733252933359,0.010588314257020025,-0.026165464674785657
20.0,8.562296197596664,30.107958765599744,0.0071621721657465125,295.6052386346751,14.471780009959724,1.099480723515721,0.6440728353984199,101.51056229042551,0.9619094673298788,4.93560356160444,297.19125769029466,3.8962814751301647,-0.04101068939065773,-0.05473449480772416,0.08960090957392451,-0.04641755723788792
25.0,8.515603965661414,30.133837950526544,-0.007331328688206257,295.5067180733788,13.496231641911914,1.113792836002813,1.2103735547905026,101.50480997192905,1.0006953337464781,4.940935276494052,297.323356428409,6.534227083492408,0.01617913782009702,-0.05149745135114492,0.008396225155100486,-0.02172546053361877
30.0,8.50572386739998,30.261720290266258,0.06485562061909458,295.5965458167312,11.635877676742284,1.0272619821991211,1.9103499534382986,101.36576165251061,1.2628723613850095,4.950693574788935,297.5873133357026,11.03367278851327,-0.02486630465972301,0.079279281812792,2.455885302498194,0.02964121245752714
35.0,8.489843994093302,30.172430525812942,-0.008645782181827022,295.50007395361183,8.923344992558942,1.0476156177893987,2.989779582244794,101.21718164108218,1.32631437922401,4.954835797276217,297.50031515896393,18.07128719898722,-0.009504629564616618,-0.0488861417038286,26.61641080581919,-0.10666174174151555
40.0,8.533675520469997,30.222345371634376,-0.010005784026441466,295.36028594232243,4.7533631212698655,1.0035622662071757,4.790540618175954,101.11773949517051,1.677971491133272,4.929097955614627,297.31538318182373,28.868548133133682,0.02779471796047321,0.05714812601212565,0.09266811170427172,0.06413226344244569
45.0,8.5433537401365,30.216774853253657,-0.00979905908469801,295.3171267650686,0.3714215435809374,1.1098082641986393,6.7315705394193035,101.00707094502363,1.7822693029802534,5.10745974329444,297.5410406578474,40.10744443553788,0.04510462598873009,-0.03667942569917888,6.56849847905444,-0.018827919953240815
50.0,8.66486015860026,30.279802270530414,0.1000964599666036,295.32622751407746,0.026639903243524846,1.1194846287616869,7.013185945181302,101.01202384697103,1.883449531114752,5.152084569764381,297.5650651303058,41.66985682566963,0.021336990453575923,0.029557093652312273,61.74835527532789,0.18065458708131427
55.0,8.647338388310756,30.370051739234192,0.04857078684245718,295.3511106770283,0.03347530966343812,1.0895102821096012,7.170562002850145,101.07781295698801,1.8070244511273028,5.021842133051722,297.28258800742765,43.32790840901824,0.0547673628169638,-0.011122569290526137,-0.005228627500615056,0.21847731384532273
60.0,8.577787606653398,30.475249864743766,0.015206084015003452,295.29425065534286,0.05753740342354481,1.1470118222146213,7.523263513431996,101.24278833863549,2.056364130333272,5.052747182687903,297.9197389586269,44.94645779009924,0.08765963686533615,0.01730871004173646,88.1630107682589,0.1146106776283218
65.0,8.591352740806194,30.47345658078951,0.05238626565240204,295.5023812662039,0.1466639068018781,1.0549114973309104,7.782865679353248,101.2936382347067,1.9290670307737021,5.006389669353293,297.27564607394214,46.44432735437882,-0.006335601279164015,0.025243159677174637,-0.009133353645458843,0.26421531044730906
70.0,8.544740501090237,30.234002091880193,0.008359299138017664,295.39681524341944,0.086677065462995,1.0312414410478468,8.007156071851828,101.36428040315076,1.8262195416719225,4.9242477613564555,297.54585057944,48.15120913382996,-0.010459523621328152,0.01607495516702925,24.678670203598525,0.30207946016669146
75.0,8.565391979074143,30.12389167503872,0.012343343454366714,295.53870277203697,0.04403973865243615,1.109812582994255,8.20113115438273,101.47748304301693,1.9156785453444458,4.965248329850871,297.5319033276307,49.607775374133574,0.03812870412421615,-0.010410575719276243,69.86025566795645,0.39554369120836397
80.0,8.64946989016915,30.010133285904807,0.0753264139411819,295.44628125599775,0.004583983574151698,1.0298199146928688,8.535406028947058,101.64854582921369,2.1679229030387837,4.973869955716138,297.53733684335504,51.03458110646946,0.03270094223202303,0.006188199593429072,-0.034587654698812795,0.3509784910542213
85.0,8.575414818524644,29.890090835049488,0.04743181404196574,295.42621609846526,0.054811421054964365,1.1065693917822448,8.75283090154782,101.75556336178005,2.0523012815441697,4.903708118010686,297.4878390188534,52.394051364565016,-0.010415028193326329,-0.00019988778606507343,95.20963534050982,0.38229308807126405
90.0,8.606660488343934,29.980474106122493,0.04980816662556709,295.45867057411954,0.027938106531489454,1.0727584233883891,8.879672070375861,101.81994394126575,2.0861677568570363,4.908109501272475,297.1701941302366,53.663242761271455,-0.026459696698307538,0.058833285209260684,-0.09483134406976394,0.463172254624331
95.0,8.469173457508854,29.997612536596257,-0.019156369714422535,295.4223095780474,0.024019887484001003,1.0276515127594805,9.161854144205794,101.85034408719667,2.0502684800305904,4.973987513321517,297.9986542097295,54.86195786789934,0.04998784843948913,-0.023103149245499756,108.5086604122745,0.4787494611516803
100.0,8.542412601104825,30.167487429060902,-0.0013979997329090915,295.32625693822325,0.04542425949795244,1.0777938346199174,9.39161623604528,101.96221740666664,2.1804079354662234,4.967975231547528,297.1804904771954,55.98549005713972,0.07066435191287174,-0.017317000658326212,0.002549884470344835,0.5017821980898653
105.0,8.487709104725731,30.17649016932872,-0.028973583975723964,295.36345846119235,0.03250815844600843,1.076526087636866,9.468738898246192,102.05353792194093,2.3405019521519064,4.94237845572211,297.6422523037029,56.97918393004746,0.05681206097403339,0.09270048010350435,43.66920568665765,0.6193855674287154
110.0,8.467685197361018,30.21494632901362,0.11709331224689037,295.37668281191196,0.09287409555844872,1.0129773664559036,9.60863764769017,102.13484859471659,2.23506303531303,4.90973476065074,297.5319078022145,58.074369704344626,0.07843972214247831,-0.011576126952861783,83.38534590888374,0.6382298501398638
115.0,8.615819695237672,30.044879380526822,0.0470112233784805,295.3295799290426,0.04152836780223089,1.0384946066474339,9.74508057470892,102.30027161766701,2.3207156407757807,4.965781604510109,297.55703682843136,58.84849614228753,0.023267538373258526,-0.04170750947881501,2.5698591286254486,0.6888150149979279
120.0,8.510150509314082,29.954542964002034,0.01756670023571177,295.30399927329137,0.0222302355628173,1.0465568561532033,9.856292200728458,102.33189762373883,2.3453208203839417,5.02885653185055,297.5458921580313,59.837553188841056,-0.09052647659195823,-0.035773010549678,109.47660459567494,0.714378322053217
125.0,8.582323479130219,29.8207221920483,0.08490176064846944,295.29442253908036,0.07468172665637737,1.029880284751503,10.055947648425558,102.33387737472877,2.36319406439729,4.9417851941809126,297.32569545336327,60.61420153094788,-0.041868582011015607,-0.009730798414538147,0.006419289456280763,0.7574123910311595
130.0,8.494996663307177,29.821896072850542,0.03948807330290304,295.2392936880106,0.04615435353708361,1.0609506553045076,10.21510903636427,102.5774295287622,2.2832632260189873,4.970969124367378,297.84070995041964,61.427020926471734,-0.003488210090683299,0.09226737512328188,127.18795367763964,0.6715818508913581
135.0,8.513496489245453,29.820238022661393,-0.010443502860118775,295.3839139721997,0.019025817051648124,0.9750312363713254,10.321401696014041,102.55471803841093,2.325409810158168,4.98211874186316,297.3278310166257,62.15547617444398,0.024549758485356975,-0.08484991006117344,-0.046520309788994935,0.7244459014058762
140.0,8.48312977213176,29.98374961651099,0.07835054760684917,295.34668039098534,0.07603220338804015,1.0778801212467382,10.436450842749101,102.47939186664554,2.2804446759818555,4.9560927686521055,297.6352384875434,62.824480241507764,-0.05794572753733475,-0.019038155306051397,78.25974806394747,0.817549853152292
145.0,8.530154969809418,29.968880121055467,-0.05111370122950767,295.58785082611905,0.0872584600196641,1.0840566441752748,10.46800651963394,102.6455970813145,2.437099252092856,5.080498760023826,297.44188702908815,63.45203832596038,-0.03526919984267759,-0.04998618042618639,24.479004061741044,0.7878220059145589
150.0,8.566087641777512,30.073816855081507,-0.024510157077110628,295.4999501242599,0.022230653937730036,1.1101171430299281,10.655467972731797,102.78640885272499,2.3858927974175925,4.947362370513698,297.579376708593,64.04975457726995,0.031940624016544114,0.042870115657004514,48.847782918267605,0.7455965621696072
155.0,8.547186385255904,30.034481704903783,0.11937103604455604,295.4835779596201,0.08717470733260474,1.1586539674038976,10.658572421583115,102.91210750052777,2.3610137281030417,5.002307824269262,297.4467534858133,64.67716817374163,0.023297371596686437,-0.00926486494206852,42.19314055533352,0.8075887443629848
160.0,8.528740955823077,30.059398827105987,0.03624926810771123,295.616043231716,0.025764884614224288,1.1220709470046388,10.851125213719977,102.94714906918621,2.366355224492732,4.943809415322505,297.679334396891,65.12479631611298,0.041797981928193485,0.07397010413897756,40.67112406600733,0.8648821842429053
165.0,8.623743640105488,29.98557006745787,0.040818676286287166,295.6154897948806,-0.029042696357049185,1.1018052763650361,10.863563440159922,103.01673105123382,2.487825131957473,4.950722651088061,297.51030347669644,65.588610469299,-0.02393790382608222,-0.06583327132733664,47.221173592185416,0.8917304192324749
170.0,8.585135191715842,30.210959358817128,0.025387356636850475,295.51299638531236,0.056206463320683055,1.0186488488619483,10.936513344666999,103.15139982382985,2.518460792271524,5.038970861455375,297.5286166673777,65.88965153647624,0.028447424044600805,0.05692942203147408,40.73295535941476,0.9771569533707256
175.0,8.43049938237506,30.143703020011007,-0.04422996739282354,295.6397784611436,0.07433767646977302,1.0702964146209146,10.97110699895668,103.24176100321301,2.521503858076225,4.979153070498491,297.49561205833066,66.33287502677074,-0.0354020978713257,0.03139131345708604,47.307302029696,1.032135706916872
180.0,8.526130701103593,30.34910283510981,0.09116866320617535,295.5258141537833,-8.770728960013144e-05,1.0656753573471789,11.071525296022314,103.31724216481426,2.4517674163639884,4.941970407318277,297.53257699407084,66.69615266783461,0.011994420490897549,-0.08864592611989162,42.871470207889104,0.8804589949499609
185.0,8.454851852964348,30.35459663527156,0.13501721012451165,295.5242584224685,0.05727001183877653,1.0871285755656883,11.176611215608341,103.37208589387728,2.387106811097925,4.951080728016347,297.56234316923036,67.04877361401557,-0.09027019671950848,0.053763894981749265,46.9068702111688,0.9506718366244485
190.0,8.50892530401113,30.15094803961473,0.041020811172181565,295.4206429717115,0.033109865574366126,1.1124036364860295,11.165261222864402,103.46215200252612,2.505665227069738,4.981201470553907,297.4688590751865,67.4665979733125,-0.05610814168451403,0.06598578067546049,44.886931732961216,1.0087378482631686
195.0,8.579143882678611,30.06669733858842,0.1767519216597733,295.4191979512362,0.054425776561509764,1.0355100001565771,11.202883626180334,103.53474785043095,2.4717791615887332,4.993611330783965,297.429354691697,67.99904476938931,-0.03693313650847524,-0.06829065176058709,46.87477781200278,1.009312641333797
200.0,8.523722144978171,30.103739428381125,0.005606837124776824,295.39229134854804,0.08964174366203578,0.9800643102371227,11.325535093350977,103.63498273042944,2.485193727230843,4.905497007859809,297.47391882660577,68.51424970091304,-0.03059550856795393,0.05950336890523599,46.40197748280053,0.9885886943641827
205.0,8.576546690921278,30.079172070500256,0.02738874232293964,295.439884368544,0.11467706097015767,1.010166845534327,11.41754487299749,103.72144471565181,2.3773629304589923,4.937857557304701,297.49234372535517,69.14498006346413,0.06287771366200545,0.01087991190957396,47.34232652940768,1.046343883865165
210.0,8.473956185967895,30.236454505441184,0.08189330575483131,295.4394566920646,-0.0062097373699782805,1.0435562175553457,11.53176017760496,103.80908142994411,2.4682808227800863,4.902351338040982,297.4753642928738,69.38532901879186,0.02524134223535875,0.005645056689880836,47.738938072739515,0.9825362607759586
215.0,8.515950522127682,30.247316401544957,0.13446375740531627,295.47970963897,0.17728165061278842,1.0698929918272684,11.626233885555568,103.8867257154155,2.4634570138713996,5.0641532745075075,297.5900650212059,69.746295723925,-0.04805759608149534,0.13021040801391812,48.16010312055698,1.04776730157901
220.0,8.419927820702702,30.20606981411132,0.07835250191024634,295.50907033436874,0.1627616713360513,1.090090342864196,11.559828676780779,104.07603758113733,2.6016962529183925,5.085244684116879,297.5523472469443,70.0850764042139,-0.085515498302492,0.02249113560560681,48.33209232699086,1.0030041525056517
225.0,8.493424060805712,30.36845750879623,0.02331054728735254,295.5219290173904,-0.05132264966822156,1.1473489531989052,11.58233901985317,104.06224190240665,2.5342857401847425,4.98461606069616,297.588439480719,70.33269900658189,-0.04217189090458895,0.0644570580148639,48.548671631816845,1.0134403385715074
230.0,8.507067192259473,30.438183955004533,0.11156735499793781,295.3089664939107,-0.0003320818779675369,1.1106710259931685,11.628271276128396,104.15908272660808,2.5890559041516776,4.994454833606978,297.58375344097243,70.57652722259344,0.03128810496404913,0.03580902969682161,48.80356404693906,1.1355592381300768
235.0,8.596850490480504,30.437822811804416,0.0018869047492701824,295.42575514804213,0.11048682955420347,1.0753664532140719,11.806565284404599,104.32751536721837,2.5331520146195605,5.0726838517018,297.4972015137853,70.7398214131716,-0.038880209071596054,0.063065461584441,49.25256876084569,1.0824646830991063
240.0,8.573702781376587,30.47977154658923,0.015849892434812378,295.3255845607514,0.016194145261788757,1.097772922188481,11.64678095206485,104.35693083475203,2.60733731253608,5.020211667539493,297.5305544396204,70.9604254697954,0.11539895186926132,0.07372685967970222,49.381776103415184,1.1582393529438932
245.0,8.610772951428691,30.428322745525335,0.17153502159317013,295.43328174702395,-0.04319242878120447,1.099269006563258,11.775476653737888,104.44615900988512,2.675265936303337,4.939073730526874,297.5496905476899,71.08290965377073,0.017183065381939384,0.02797697874190545,49.68363519738357,1.1030145898971055
250.0,8.699497394561288,30.215892601942997,0.15920810201209462,295.43347728302473,0.01620195447035648,1.0472632918028941,11.810550415135943,104.46733049558308,2.5436136859446905,5.06267710132249,297.52812413817577,71.28783698248078,-0.018466467879430994,0.05218548197627752,49.81133725242141,1.139136907779368
255.0,8.615513878696737,30.383909878896688,-0.03055982008154596,295.49976981985213,0.029481488755435974,1.0634192756760357,11.8148723870243,104.58492360550859,2.4585242548978647,4.922873995212799,297.49691339539345,71.34218841830449,0.10266282776164519,0.05135305092072338,49.618055617036234,1.1956708006616432
260.0,8.554041276610784,30.297957750066562,0.05827966567366388,295.47392181576754,-0.007022500818017464,1.1027062659994245,11.782102167233075,104.65107331185384,2.444233584974062,5.039047799799181,297.5589257893542,71.4839567049329,-0.07546936159195201,-0.06452488752394835,49.92983980270341,1.2011824958785202
265.0,8.500904211774142,30.17869870678442,-0.004397508428462642,295.4716394597636,0.0837205647778142,1.0357341622802585,11.827500154451203,104.72125867018215,2.5343433980764862,4.987116611613701,297.57930800534956,71.60306791251614,0.022438801975879344,-0.03771667454348165,49.993972728397374,1.2281187344761364
270.0,8.529954082462616,30.274418438551272,-0.0028963717141494497,295.4775222301713,0.016147945607009714,1.0240243999524574,11.707577280652933,104.78439785010345,2.4338518220746823,4.9787344889840135,297.58867490295927,71.68337576974197,0.02479075736782379,-0.06295209738257143,50.132607748030026,1.1502726207965712
275.0,8.500802568695962,30.128681896279364,-0.027225967792999184,295.50256600269427,-0.014421652593244185,1.0763784587857987,11.900953870087694,104.87762729663291,2.515852376695848,4.99467715899506,297.5571844880922,71.81554324495559,0.060358966092966274,0.055814466240681246,50.362244083988635,1.2665086106042402
280.0,8.544421245906722,29.984012113534174,0.012867792012939618,295.34686527525344,0.07901869945625717,1.0665886866526766,11.902210460319637,104.8639003418861,2.4436039066291255,5.046411785481294,297.57074649866115,71.8550075854268,-0.006467135938744947,0.10484716311002161,50.24526562826063,1.2369547383659625
285.0,8.481187013517932,29.94763109167992,0.10065871443075337,295.5673104974896,0.0892755883259832,1.0668170973322497,11.9473485816879,105.00834170053128,2.628718765832235,4.964887445452899,297.5238655571621,71.99585170934698,0.06271873752180143,-0.07516621131877523,50.35266876986071,1.2080002520906905
290.0,8.508675599360666,29.995672613479265,0.14192240951272195,295.4968813697759,0.06396530681130486,1.0232050445497212,11.866091781724895,105.17180713615711,2.658433545413929,4.990787072049476,297.61422292475373,71.97516007800184,-0.005113478965998141,-0.0012806913332245374,50.429429746635215,1.2847253001678411
295.0,8.471277420243833,29.900189212049927,0.013026693221406625,295.4461079311789,-0.020304469761866006,1.1739193401701726,11.902330118212465,105.23924810079303,2.575955780917573,5.0320881553400945,297.5937543241854,72.0057538734492,0.014003263488557176,0.018266151446749798,50.38027493569454,1.332503034600558
2.2204460492503091e-16,8.560031711723186,30.115836535500616,-0.05721888197232065,295.5472693684251,15.932322112404528,1.1473027244147993,0.07235384920043074,102.08459467516171,0.6868536300484734,5.070753791764283,298.09747789632667,-0.014947122306997563,-0.02825360990149222,0.014925908395810853,0.07480901101379298,0.0193719432591741
5.0,8.617945537258773,30.07477897782317,-0.10184700148102513,295.43164292402065,15.780263329532108,1.1918373074250095,0.2490890851080196,102.0161496556264,0.7253535974383489,4.988978062524258,296.7619580441554,0.398816852773929,0.0038285184030462825,-0.0431717908096713,-0.002335477056144195,-0.10162676300979037
10.0,8.684913081447679,30.03798558817402,-0.011451438588465911,295.42253680638186,15.611442846559859,1.0419673594715044,0.2439093546125483,101.86438532550065,0.6391619799339132,4.923870066172349,296.87262855698424,1.07726222930336,-0.0281698731078196,-0.016874819965144103,-0.0866289377151071,0.040609050825604155
15.0,8.704334777525485,30.042365117294757,0.0032163474785832503,295.3939178654339,15.169047793538471,1.0217989173269435,0.509050046182544,101.75770558199446,0.8372723061853317,5.0690012426398985,296.8421312047667,2.099608777368907,-0.042575764158108875,-0.05112558696362109,-0.06121360874950744,0.01732205504134278
20.0,8.661209055436323,30.059404275974185,-0.09497323232060344,295.38352623763035,14.626698673301934,1.1153470083592014,0.7578223101158479,101.6958590585922,0.8236368352719942,4.918378661291331,296.91565350296594,3.7975514097927237,-0.01409394640901033,0.053364737970274356,-0.008472210466707566,-0.003360283997182683
25.0,8.710797506918583,29.88657086632755,0.04494546677552911,295.36575544424215,13.528866279028296,1.1193860450885158,1.2115164743806532,101.44026258399364,0.5828690926975619,4.998940847760836,297.03557262202077,6.602240297235785,0.030224791751221385,0.026716899575844597,-0.018294707141847336,-0.0006716041839290465
30.0,8.5062740672178,29.97072476124237,-0.05908306220325947,295.4741933558251,11.689296096517767,1.132104303818891,1.9186184327437346,101.26811639961447,0.8904758076696219,4.966080952161875,297.3573370792346,11.083456033954088,-0.0336077232293558,-0.01624390713296154,0.07778792270985622,0.020395386127920093
35.0,8.60208315997716,29.95506232945905,-0.02931050410158995,295.4745580195651,8.867534403754298,1.111745612014242,3.096123802034657,101.14351799351044,1.0020903973244795,4.806669226179689,297.5663288738339,18.12446106027327,-0.04391188512638669,0.03685298263190123,0.03649539674681109,-0.07557106605334367
40.0,8.558620013200787,30.01233933700573,-0.03437907051583708,295.6021729648868,4.746526960838785,1.071617953622094,4.7654366694095085,101.06388694920658,1.178484396761134,4.968074580994108,297.5834249308648,28.923785601217702,-0.027839342636237534,-0.02652156433224065,30.78119275964935,0.00515828629141305
45.0,8.540683338638972,29.961933768652415,-0.005765791045189792,295.63553865808285,0.22421053410218228,1.1652420778899901,6.693006968409209,101.01443097915643,1.5339142396601226,5.131614207242904,297.3368072296096,40.106403446395774,0.020622444637444518,-0.08067097376003474,29.72980406789682,-0.060877406681807536
50.0,8.647501200817842,29.895386509723693,0.08879137441681689,295.61381974784854,0.056364398046682446,1.053208969062981,6.915758668325453,101.00169505992707,1.5517846628349055,5.2297939143076535,297.43692714799334,41.484785200901854,-0.03811742835919557,-0.007146782037732107,-0.0683150187229397,0.11833460661978364
55.0,8.608836713529406,29.89786400274899,0.05639073206920674,295.6096749163344,0.042911121415911746,1.178519035184137,7.231607070470305,101.16081076381727,1.6901069741810988,5.066013870335491,297.4383908882261,43.10892239373831,-0.008319163482797778,-0.0362453915475088,69.22418671757515,0.26302179609788146
60.0,8.551614866077099,29.681773582749614,0.06769346331933832,295.5396635906102,0.07233742299570986,1.0294551726425833,7.46035586371124,101.20403349598718,1.785777482559755,5.054164280050439,297.1369552497823,44.5363827526665,-0.04759087560816259,-0.034942016776056614,-0.05521676323034741,0.28998330875579387
65.0,8.694616707400312,29.749905150193186,0.08818319499107753,295.6024089370437,0.04840701028938833,1.1066310976151752,7.576889819632439,101.18890401101213,1.800200065461659,5.051804666358201,297.81074573231206,46.01925060305591,0.05614710765355683,0.03929990316756414,92.03198721055098,0.2698622196078406
70.0,8.6033597855334,29.888941201464398,0.07984017893576592,295.57735533711445,0.09256720033179652,1.1166014014324335,7.907880854652392,101.31180279815283,1.781355622099587,5.0420005983844325,297.0998264005989,47.5304135784909,-0.03041399822609138,0.08756641448775362,0.038141224513271246,0.3022315171546815
75.0,8.53899122449539,29.903588629768954,0.02973178576679717,295.5581930011237,0.040259754105158134,1.107533380845426,8.12207149916291,101.37208451081449,1.9292778457670634,5.073896835819775,297.4706140392628,48.83881685018379,0.04167334311101513,-0.030564006984260206,28.14346154114358,0.3245059573185494
80.0,8.546286769560334,30.04485596437995,0.06472163390043197,295.53438885085455,0.06304820819371207,1.02562482762243,8.272097102755083,101.52619051578372,1.8074038045006382,4.965700258900355,297.49008213998235,50.01256201425422,0.05546633715570799,-0.10425630268090184,71.45920133901853,0.4270346256755191
85.0,8.582954262715088,30.077992863556794,0.0472919129445135,295.5814086193899,0.0560178721076783,1.0541596068976755,8.506308069472002,101.5786326756436,1.868887954153321,4.954620845909282,297.40460651913105,51.280619694398396,-0.06967371427732373,0.0023894594905032205,0.0060006320306570625,0.46620966071641673
90.0,8.590543482330878,29.946828675700974,-0.0032528278817322218,295.4859899354324,0.050518423935759726,1.0440786081368931,8.741839569599332,101.62474318190617,1.9247900498098545,4.915479921624333,297.49531776482144,52.344941971446545,-0.023992576330504015,0.029734856905914014,96.38066659251515,0.46883717953227183
95.0,8.563948087364796,30.03096093568352,0.00902726108793701,295.4674782115394,0.12785743208126,1.0326683447641087,8.975164231398681,101.74077313299263,2.1125573974956597,5.026540895576911,297.0799012205066,53.412887682541815,-0.058671847731218696,-0.03216636789650855,0.09972532071034876,0.49108364357446826
100.0,8.671972538957261,29.844831333996805,0.11425859478816988,295.47465974258495,0.10205967453060918,1.1052466563182213,9.053443695841056,101.76585186354724,1.7913257471882695,4.96327509161535,297.7713412645067,54.37600012735568,0.07455088494088633,-0.04929079226859675,107.8466039894237,0.5444395496470653
105.0,8.612473248770899,29.840863587428277,0.14326236063282272,295.4692886465843,0.07615333603751581,1.1499976743192308,9.131282264966151,101.96500687444195,1.9491790657701278,4.9702837769490715,297.10491484958396,55.35142344966546,-0.006453564632533104,-0.019182277855322213,-0.02982045622588424,0.5482582126395908
110.0,8.638034665572077,29.7753929579253,0.03802220140157662,295.4654576315849,0.07111463735032664,1.1381776779660828,9.426796769858267,102.02968245641601,1.9381507828602098,4.988514936798475,297.5537843305981,56.29037805907238,0.11486148983376095,-0.014358407086528267,44.93127353802142,0.599122257735773
115.0,8.624365975665036,29.808796068595125,0.10550663754155605,295.55237956990635,-0.0017834771414746986,1.08576360090705,9.560811274007044,101.99261301295147,2.0018712922462436,5.037273192598014,297.37505856241796,57.341518095008055,0.028159741038095626,-0.0161044883855369,67.04088755752092,0.5823598076520023
120.0,8.487106936610608,29.83509566974213,0.0361589587767089,295.52391897863737,0.07277837802054915,1.0935008421129113,9.701003870873805,102.07026531548028,2.0046912540605417,4.983424031478115,297.5013952864858,58.2803980824665,0.0397529040274537,-0.02823956516579084,9.762978369795883,0.6828627019407068
125.0,8.53652049208288,29.849331008378332,0.03062376573213963,295.52248192680685,0.06992681880200172,1.0107423935497948,9.88206404073093,102.2299148664726,2.083780878846299,5.000994740643816,297.6300727917659,59.24831473656574,0.08716378085130148,0.0052691071361386154,103.59815450812718,0.7657649793198489
130.0,8.564335801874732,29.84493751960606,-0.034144076455856945,295.401618798633,0.07577746629574109,1.1517900176768416,9.966972174651257,102.37236117038562,1.9783226902087065,4.974320218227796,297.32865762411836,60.10019159647246,-0.007850493259595491,-0.010794641576493423,4.862682053919232,0.6976422367616321
135.0,8.446239478824536,29.862927767425198,0.03739242275076023,295.5213990139629,-0.011259639847364118,1.1419204544945776,10.134383631116702,102.3731256066554,2.1220859953672835,4.928703870539359,297.70666637290515,60.9741687057088,0.04307683712570201,-0.0385754324692637,117.25423983884698,0.6914733797283611
140.0,8.594703008401702,29.999964978354065,0.009712368757244457,295.5218801139159,0.04599311312893127,1.1352014056112503,10.247238278180859,102.57120788628434,2.2020616602071192,5.074601183307668,297.2615344026469,61.81817541138431,-0.0638774867693768,0.05436919628287677,4.976202599279528,0.8369802073346089
145.0,8.574781773211187,30.040175314207016,-0.057454825608603335,295.5332353118717,0.12158392313012469,1.0809569786420665,10.366634150954312,102.60234555719943,2.315288963630501,4.985101839769968,297.5850629946071,62.66289309281423,-0.11965292310336548,-0.018396592674986348,73.55780846657005,0.7678645288990392
150.0,8.602077745922942,30.176012013295164,0.03266378650370762,295.53277901655827,0.055291744788769796,1.1394551810567244,10.585574461544013,102.63189267176696,2.1879228063529133,4.994964488884497,297.47131955744175,63.37759459167058,-0.07715846319235335,-0.021550096942144485,25.67667431325001,0.8087988942137292
155.0,8.531399014939653,30.173638399996836,0.03504001881941678,295.5635923815033,-0.042005768689729286,1.032272271401343,10.610484008287147,102.80806165473223,2.117389001173414,4.960558061624288,297.53140162625004,64.2291762272651,-0.03168930807316114,-0.06613388142929684,52.14112110555056,0.8217091286179385
160.0,8.485347065779468,30.126762937259855,-0.000355441573433965,295.5176813779779,0.022561500403276435,1.0378866832923348,10.848523616937175,102.8450273786825,2.262338506474306,4.996696484422654,297.4460794983577,64.8276945808636,0.03159544515850852,0.08331894524235024,39.48683045593425,0.8069388677888792
165.0,8.621594911028927,29.90674316595755,0.001600830217441583,295.5849726417503,0.07168475654803133,1.0470551102790489,10.862971913196443,102.91174538974214,2.2740963521520285,4.904531981467198,297.4342405929353,65.45930037041606,-0.08018844004640988,-0.005827144935634173,46.09105745923957,0.8106873810417884
170.0,8.591274027617548,29.97483993970478,0.05913573018319231,295.5647522230921,-0.023869304560369047,1.0609163906642969,10.99933953468101,103.09129180281099,2.1528490090868178,4.98751568670518,297.4862526557925,65.92527057196176,0.044088543121073916,0.05133969998765994,44.55865884914187,0.8064352303024844
175.0,8.612109112923243,30.048927849723984,0.1108409416094017,295.52746980253943,-0.0500737506790641,1.0813628737455638,10.98225477780647,103.18614104118191,2.305539623757881,5.040938851675864,297.4332532303525,66.44752708783886,-0.11893135046598993,-0.027701022085570258,45.32080591579147,0.9868426242735925
180.0,8.583570939007895,30.128456486537193,-0.019397313211743053,295.52377985153646,0.06998073648644011,1.0546461364743238,11.04809977797346,103.28395389617559,2.227529564704358,4.980451515845696,297.40945749848834,66.92404103299484,0.03456065870002707,0.07523828498978838,46.193068374551096,0.9852155749958218
185.0,8.5520266409214,30.140365495796047,0.03947749430354719,295.5002616971586,0.06776550596384073,1.1004543822712844,11.134966383833884,103.26676479111099,2.2711068659633113,4.988866525585945,297.49565724818655,67.30272258415654,0.1080847923569785,-0.02672038852442748,45.89986274657722,0.9701256994849204
190.0,8.473066776522371,30.218442083821348,0.005178406358777324,295.5247325641136,0.03523159748666975,1.1575870449460324,11.2488307829822,103.40825164277443,2.248168986948816,4.975953758854937,297.42067202726975,67.74268284626542,0.030217892303271272,-0.017209055354053183,47.07180572690229,0.9463368040986536
195.0,8.527700712673317,30.100794226218337,0.0678049248122695,295.4613846750672,0.03550127096796461,1.1649354937850243,11.383099266039489,103.48217725335633,2.375366724150352,5.069154982615958,297.49133559152835,68.07011468218178,-0.07522171190745408,-0.02260834792841693,47.05225307693638,0.9401380551026989
200.0,8.577370837946663,30.003229596405802,0.12546314707253464,295.481996729884,-0.013427369519715411,1.103773388261539,11.267978105160228,103.68551485185486,2.09761631060454,5.016268202722259,297.46350499976495,68.52240333425654,-0.0026156113634445144,0.11171474984027548,47.819140224870615,1.0274277927061046
205.0,8.560802072990867,29.942932759844194,0.04200371512640394,295.52945369664064,0.04163851614073992,1.1452503945791412,11.43853839173467,103.67358734699478,2.460103039690555,4.949488816562073,297.4575736172853,68.90149623746892,0.05314559834125153,-0.1310006806167434,47.9950574326274,0.9812838808162383
210.0,8.667447924863405,29.980644057177585,0.043904539860902536,295.5766747510216,0.058531340341059945,1.110616937613352,11.382056428156725,103.7532141343768,2.274237444245286,4.87386142781987,297.39222060373964,69.30176297600016,0.005424249153407726,0.06480664968317613,48.373518188950264,1.0499424724083681
215.0,8.58830000150409,29.864449015871337,0.028323463406271277,295.43625657613137,-0.03173864452639946,1.066254915517707,11.479376805909997,103.83603647075432,2.292815803458955,5.057030982098175,297.45223987302995,69.57964605936384,0.03872222076985012,0.03633333737911107,48.6691142367443,0.9923427387237744
220.0,8.610986652707618,29.866455549924627,0.07033948414999884,295.41195334202183,0.04870248814600121,1.1111381190274054,11.567546860096986,103.94039541151005,2.217538896759451,4.9648686909866315,297.5547048800517,69.79768988241969,-0.011890169350627734,0.01063420353704271,49.10378352954837,1.061223116800021
225.0,8.683803336868273,29.98023347632911,0.07660666916708068,295.4941947518257,0.05946302378495982,1.1392673913657956,11.615940427191887,104.09221828373316,2.288920499851804,5.051421315407151,297.41808276543213,70.05665468734887,-0.0412069414369502,-0.030062787518465993,49.51423528004407,1.1954794616578226
230.0,8.597432357176842,29.99545339996984,0.035061571434692844,295.4498252535858,0.09517691226198088,1.1181039335682064,11.638598119028847,104.08425095000347,2.3076635938030887,5.087738534436499,297.4462800668595,70.20772582174023,0.08993100724351621,0.11740283117797888,49.826604849030886,1.1235074462931094
235.0,8.71111312832591,30.149372351295767,0.0993558792600765,295.49616886177057,0.06962013378637867,1.040801378202515,11.644012551578532,104.09776544232248,2.3582896357403835,5.027137198222868,297.40519657862825,70.62686539887164,0.0006340987777118797,-0.012639138212492702,49.78458096472382,1.1564161081096875
240.0,8.571450156714665,30.265727333300617,0.0008337690786130031,295.55980227260625,0.0043786498157104056,1.1385763470438965,11.636789817651593,104.29478470362407,2.272055239669663,4.978562192642745,297.4771296333328,70.75892000690956,0.012148150031532344,0.04278860071257237,50.22561785564062,1.1216096482673177
245.0,8.543797184380335,30.306394259677546,0.0637388548689074,295.5408827941379,0.018056993289669372,1.1051820110596833,11.736074555640698,104.39839058104553,2.171223362580123,5.094533865554544,297.4839977637725,70.87536181670944,0.018880532112090138,0.057300338138337986,50.1953334979344,1.1956441520437089
250.0,8.613279712621338,30.09887542461405,0.02592138273228254,295.4484218895643,0.058334319919048375,1.0535587683021277,11.709879620658551,104.44082799749093,2.319464470513951,5.080810436905147,297.4077896261543,71.08027014549401,-0.0181475600897002,-0.07269206549864746,50.69185452390717,1.18643285319458
255.0,8.621995859112232,30.08091823136986,0.03957839062631387,295.3860713485978,0.03959766094339369,1.1538108780719634,11.767077579063008,104.54573106197964,2.316471073894759,4.977443461065144,297.4654676642483,71.39696225776447,0.08065245736842802,-0.038129189084614205,50.888026280154,1.2042174352069792
260.0,8.583038141146965,29.95081010711057,-0.009382899960777322,295.3926997256132,0.1087880776659593,1.0724059908589927,11.75322391172041,104.66808758866551,2.360341134037348,4.981754566927293,297.4197524501661,71.41711986833033,0.03350305770801412,-0.005563247507889307,50.78345238319919,1.174755590351386
265.0,8.710871908343638,30.09168394737517,0.09285047036327397,295.30885526752303,0.03742904536317499,1.1197157692550463,11.826854068439898,104.74934167483474,2.1985643953020713,5.025060416366677,297.42096708468887,71.637799890662,-0.004127859220888515,-0.00199012993686086,51.04196624590999,1.233689826936299
270.0,8.655762008191708,29.98679914052811,0.06682564202336534,295.40092721117776,0.012660474393261553,1.1412392937195794,11.886007676794469,104.70258232119963,2.3686974550448894,4.905989054509475,297.44146834311476,71.73278764199523,-0.06776093001945421,-0.007389308525657729,50.99780333563355,1.1867436832945613
275.0,8.660585626042069,29.978707277315017,0.09306353398842304,295.4499406851431,-0.04571173600992662,1.1871645896822558,11.861161584992011,104.78045326034668,2.3215644532148016,4.94283476711985,297.3912278975481,71.99881115070865,-0.007305879889581524,0.0385357762988251,51.24561639526346,1.2379397186594319
280.0,8.620578527670329,29.73792667784434,-0.02106729553424784,295.59472315024277,0.005839766946744061,1.1375872225218053,11.934466411310845,104.94399994909959,2.3600386155503355,4.910188870409056,297.4742515225061,72.13555584287045,-0.08410511142651328,-0.058064470254819006,51.617603675696024,1.2258657561433834
285.0,8.542657291656187,29.80376433382274,0.09212840345050377,295.6071783100291,0.1090640654106482,1.1186276968610955,12.00923219478232,105.0330252179033,2.3020638754047473,4.997958161132722,297.40052927619564,72.40385913578758,-0.07051250896730284,0.04279825274398446,52.07852169134297,1.2026777557926402
290.0,8.503062833168725,29.74686035667708,0.10598693926928457,295.58382730982754,0.0004413981349194705,1.1365138531596655,12.115428504313211,105.11850890253027,2.3498128979629587,5.005459463664755,297.43447345626527,72.77287615570556,-0.07508608577897022,-0.053232596082062274,52.363493697185305,1.233201637709317
295.0,8.505279458179986,29.953260860466855,0.02918240124321425,295.45708523545716,-0.013273445575895972,1.042604604401746,11.952750064349999,105.34518024741033,2.400191607317793,5.057936762446178,297.42265306187517,72.85935389171625,-0.03713676732949597,0.08283955230953158,52.400954501857136,1.1684051221926637
2.2204460492503091e-16,8.396596402318282,30.021722036354625,-0.0707597089446988,295.65536109680846,15.928453999454296,1.1122178993641672,0.26771262084096253,102.11169273660019,0.6225171638104023,5.065049999754213,297.96396807939715,-0.008501496821747317,-0.017494820575360198,-0.008865485236508479,-0.02895367785490581,-0.01696504487072663
5.0,8.444277645032182,30.15990537274538,0.03145086308223792,295.60356923317846,15.892193932442266,1.176593910712887,0.23027688553024844,101.86521095360871,0.5345343517195824,5.0043956580662305,296.96958574254637,0.345971216050732,0.03180647368965135,-0.07071673562384145,-0.0019381037402157499,-0.06505820046382636
10.0,8.509236700438388,30.14303192991165,-0.1058426030187326,295.43639441700907,15.650540393380203,1.059403347007593,0.24927665077646802,101.72123207099911,0.8269849575744589,5.024050171476002,296.9254748117544,1.083694380158969,0.00845934456596796,0.018332457397655263,0.04363616760127891,-0.00038224366171130564
15.0,8.458241113374227,30.168120087141894,0.014479695954605423,295.5880978888373,15.182608156295569,1.102879143043133,0.36419014452080567,101.63425069131881,0.6855038769717184,4.973610181996502,296.9496858563383,2.0257281074920463,-0.052921192303629995,-0.009070469154753187,0.0692169319685798,-0.060220290514348906
20.0,8.537523703105114,30.070073883393253,0.022315334659075006,295.58027646161446,14.549686544892177,1.1567554505781905,0.7381342016683342,101.56642869172869,0.7227457244981352,5.075638008823907,297.028354196564,3.7868349712232083,0.00716081198221066,-0.03986265449003904,0.0338375139801183,-0.021639667416511413
25.0,8.540751300662778,30.117037788310665,-0.015699267294043518,295.71187514551815,13.380493426772802,1.123159856885761,1.253591434421763,101.37354800822446,0.8643949491354617,5.0050784246441085,297.21357468581937,6.595634819455752,0.07732038111836836,0.03601970995170367,0.09207325875886137,-0.052551041420961876
30.0,8.508399699949713,30.066926960097188,-0.0172301428270571,295.6487925902548,11.755992234722797,1.040368004724808,1.922391830001143,101.22559928116678,0.8248136923149406,5.0205569794368685,297.4742214336253,11.070736424695603,0.0796947878020539,-0.05888155100543968,-0.01294609139662708,0.058773820028582426
35.0,8.64931999296529,30.08921299383296,0.013477473088321125,295.5340544121145,8.99511260148544,1.0516530690674102,3.1156253053558522,101.20687417960427,1.1562259272773014,4.992505426619851,297.7139029746249,18.167628434563277,-0.049897913803458795,0.06886703372359905,37.30324502786764,0.014948447787867507
40.0,8.463862865609892,29.90886095144928,0.029593301322989818,295.5350983167394,4.903715129010632,0.9714045910192373,4.78305666400511,101.07252714897729,1.3591966706433265,4.806000645210884,297.35472668914997,28.74210573761698,0.0728980042023626,-0.027265114880500138,15.829571424975963,-0.08345423397407357
45.0,8.470340194981814,29.87088532239816,0.019678602828906523,295.57864936593415,0.21953298328204487,0.9332191542755996,6.691665745795941,100.93510712045165,1.5672376144748836,5.15862899413738,297.4217742341164,40.18033722022358,0.04329927160990564,0.019756585580879775,0.02407905780162563,0.030071367443689677
50.0,8.494743347986711,29.836367249446205,0.09205312264601874,295.6519529862787,0.019583129029020582,1.1157914116212484,7.022859191968053,101.04910421553627,1.7063261178656222,5.161650758771943,297.81696174686306,41.779642235223925,-0.07941719633795992,-0.003704342398890988,88.17859808178049,0.02363963544892038
55.0,8.577623838966105,29.836857628469083,-0.01272365246360111,295.6793559930242,0.05884470827318193,1.1159580315483688,7.299771547571791,101.13800256369026,1.7180984870265594,5.052512585725247,297.2640353183003,43.68708343040544,-0.035288447003170506,0.026300566095978608,-0.043702661438609056,0.15838601267317035
60.0,8.591218489982035,29.806945254927598,-0.020144214016560934,295.7057590581794,0.1010233210240898,1.0553439079976683,7.573250627495726,101.19307788803528,1.7439460941606406,5.055428061901144,297.47499349096245,45.341924887234676,-0.02713564079417069,0.0029416937475872547,19.296422917402747,0.22681444303652692
65.0,8.477440682600797,29.88974845243823,0.12877998095321777,295.5514031806847,0.10240751709305264,1.024206321132825,7.843252044188584,101.31062485085675,1.6867879616946782,5.020821434944594,297.45777537101947,47.03006889241668,-0.0707676839548838,0.04832174582079975,66.82386306402185,0.17975890420956891
70.0,8.464198177669893,29.893997913506844,0.018110085255927475,295.5486512040918,0.003372910298382978,1.0030338464896786,8.076516351537045,101.44178610608895,1.8130168388021966,4.973069327454591,297.4732043106286,48.44195673729705,-0.008817078452207822,-0.007017098151148361,0.021783812209485314,0.2930201413448632
75.0,8.594640664994088,29.998879803492184,-0.02304603250858093,295.58274362061803,0.039302540610887976,1.0708608285003365,8.276933817943815,101.3994995163523,1.7808510824438053,4.9711185283314885,297.4839260311844,49.91235038697859,0.0019361647298840323,-0.00859181685237526,88.86728125532434,0.41160636547432483
80.0,8.485774298740447,30.20040929787213,0.11027603877637387,295.5386483831797,0.06873394741925232,1.0686265787561875,8.57188698115701,101.54089785826415,2.0379538276382796,4.960810592972403,297.2663872812115,51.2224483718747,-0.07911185304183155,0.004191389826801689,-0.031080534212354155,0.38441702559330965
85.0,8.5932666254098,30.250801431009158,0.11562392073148745,295.47046447910793,0.006862304181077153,1.0689269782555666,8.68895342742194,101.6143348728927,1.862838160251465,5.0449176539447445,297.92677253539244,52.413513454745406,-0.045539445169485944,0.02574930205116204,103.12419592548841,0.47075870257158087
90.0,8.5476160493498,30.34663844628384,0.09517498134670754,295.43719003830535,0.07023264215690626,1.0884634545683378,8.913398693841,101.67363753891149,1.8836396871554484,4.990003723577645,297.3351926882927,53.546998541058,-0.05166753827928905,-0.022212952282786816,-0.024117529292934835,0.5600379574949852
95.0,8.527142400969,30.384736159239726,0.038804069203322224,295.4569152083791,-0.0047922424927830595,1.1406455301547431,9.054278737697832,101.84861581397382,2.114705680804111,4.97523336537068,297.56933882206874,54.56385777104475,-0.016729708443917905,-0.008693722607023903,38.36948156187263,0.4460510816377654
100.0,8.546163810837836,30.462466190034032,-0.032595942196653266,295.44646043951656,0.09550008741957952,1.0263756945093034,9.331862769044273,101.94621945766572,1.9633162611980015,4.828521074457177,297.47441377417886,55.65686809891128,-0.002845715831996061,-0.020198951906424973,79.63060776297516,0.5693884368299518
105.0,8.512140107036688,30.36659555449723,0.11516842453699909,295.52832542089055,0.03608678419254263,1.0311156426669608,9.375907348212118,101.95531601545123,2.10272955104848,4.977828232977218,297.6039407339738,56.52305359466127,-0.028603115246980983,-0.03930866361226841,0.01743633077021868,0.5350029263202252
110.0,8.405611354722208,30.361598063203616,0.029062933133172167,295.5049550475116,0.038426634979216556,1.1163299844118433,9.61616783619926,102.05510186744546,2.089772387645376,5.084504646864937,297.55503822754156,57.47962291477295,-0.056557064390147085,0.03007211204728706,109.25071190078732,0.5836855875847986
115.0,8.389037531087256,30.326528033287744,0.1316290945676417,295.5622394372302,-0.037899568145997896,1.0917801758604908,9.764123436207962,102.15697514486564,2.029325001040552,5.008986751780475,297.3085874363476,58.409238605281224,0.09758773593470503,0.06053073237458069,0.025773814132293495,0.6012237147936219
120.0,8.500259915778633,30.472712324765524,0.1620755051378662,295.6004444746353,0.06332111122585138,1.1235773699419673,9.761302963385694,102.28558617653447,2.0834940580109516,4.957801923162795,297.83427000565905,59.23854027794293,0.03684923946070484,-0.024716559293337,118.5215752656915,0.6667545979635997
125.0,8.476836875208553,30.506479144012285,0.07351130884877728,295.61331624769855,0.023867643924734658,1.109725042003278,9.993368574963508,102.23332542454803,2.2461504307702786,5.044843674148321,297.19010171904233,60.13217919047002,-0.013524939749995746,0.0013003992034098543,-0.01896248936762837,0.7115244048876794
130.0,8.40052934703803,30.502802895346548,0.01844257607461714,295.59178948867674,0.05889518808800226,1.1035218605271386,10.102439726451893,102.34183866115745,2.181846703236145,4.989747196001114,297.6528549332038,60.819543632293346,0.04247546773519364,-0.05848361933761431,63.76722195520472,0.6991461914414844
135.0,8.443536984431757,30.471933905927344,0.055725991897292965,295.5355201865269,0.02164367719735817,1.1566883274957012,10.209385678562061,102.3907465851439,1.9798328614563085,5.078882498228389,297.3901214749463,61.49991647159976,0.013633549925621501,0.011801839613142203,32.64014788820885,0.766523841033411
140.0,8.516520762657679,30.514045217965233,0.07078446435949254,295.5823081970474,0.06288704138001808,1.0976398944692038,10.283855172634745,102.42321084387628,2.2765771721246613,5.060236861478005,297.67458455639206,62.05570117769473,0.051489759038649406,0.05994186174675372,32.489870373132675,0.8073379906648286
145.0,8.440100312722358,30.498135219170837,0.09571435486716362,295.6250546109565,0.01962010555546822,1.0660928194230872,10.498145628328786,102.68511083336473,2.138338190288797,5.017953856657058,297.41886987829287,62.74930735114174,0.037935216126389594,0.03476742245864381,52.169687527021125,0.7722906680719585
150.0,8.504658464999952,30.402265285099652,0.12184208841610486,295.5499504995876,0.06331164854890772,1.155939787657905,10.433268367895348,102.79566014823746,2.3630519158474517,5.006758292841956,297.58196629719015,63.31596084931522,0.10843735226618471,0.0012769077573534654,27.218898784424344,0.8742322644377376
155.0,8.477281195346709,30.241166175961794,0.06733569016775758,295.6455043457353,0.05693178398527113,1.0942848682054247,10.70281936418426,102.74699049806603,2.294944755490952,5.012789295064767,297.5403558085181,64.02120467436997,0.005679205062721895,-0.03873138029343824,58.98895670536131,0.8305904358218674
160.0,8.550669670921526,30.147754163968035,-0.019908638502854376,295.63772202366187,0.10040334992094631,1.0443390803892791,10.67268232315667,102.80249111571102,2.1687587838893227,5.003143509984322,297.4773765703173,64.78065653344689,0.00256135072792459,0.05076529191736942,31.29804653960085,0.8852545208837385
165.0,8.507030165530978,30.074221584065356,0.045893145659163,295.606355546167,0.021989630155931646,1.0361255462648868,10.809065125993817,103.01240233204449,2.2429995897679933,4.961825746809024,297.5858313770097,65.37302792771655,0.043355441770236154,0.11340430809739294,53.22234457852391,0.8645620751949682
170.0,8.480889724544605,30.085937740430335,-0.006808927868421688,295.6369414535128,-0.0100033593840533,1.1088405714396548,10.91180693929101,103.07196193497019,2.195670968924961,4.967585546843388,297.48943798999926,65.94020569745159,-0.023832778273762588,-0.13065106991570388,37.95269139567331,0.8049690505708301
175.0,8.52804990029513,30.040231896401462,-0.08695098313522862,295.71834207894847,0.06521053186137411,1.071790212238642,11.038090504183074,103.15344562699016,2.1755745072808232,4.985267902966991,297.5627560923246,66.43495679310999,0.016002176406966398,-0.03638123798254002,48.6340775820814,0.9540258590701894
180.0,8.507948900226095,30.013599118241245,-0.0540195602081239,295.6255843981165,-0.03980310158089655,1.0340540867415327,11.045508991689404,103.23535584058389,2.1937910252202486,4.870149035877769,297.5455747624844,66.84444763282768,0.05634138358800456,-0.000984949024895172,42.77103129285664,0.8684557440538314
185.0,8.332947975298575,29.954708753686504,0.12452579429506527,295.6141077205155,0.042719522466629786,1.0466110140577871,11.156940908465204,103.30481071054977,2.291499702624057,5.043366960495394,297.5122944674809,67.23930354454387,0.08609081953629276,0.05694397341069818,46.77877706334355,1.080900549240264
190.0,8.497728071563767,30.00824357419664,-0.00986060500247514,295.49080596743045,-0.049223262506639116,1.1101973658917919,11.229435546787188,103.43143498067444,2.2143541107342153,5.059876485845695,297.4997013004882,67.51246992816469,0.0414430417301618,-0.002842905866277657,45.26961328803323,0.9162929789205443
195.0,8.334401187355756,30.044924675346884,0.06737229752822123,295.42769394535867,0.060937120209222664,1.0856190155224605,11.166625135688635,103.46902190925405,2.3639995815752504,4.905751440986417,297.5774332017163,67.83093251619981,0.0835103733911338,0.07180441708910396,46.52295171115282,0.9750260633355321
200.0,8.42939699692421,30.124172797515794,0.12415992793833719,295.49805437451874,0.10871780312685003,1.0814814922522866,11.220369105332425,103.5293679150778,2.3717607842460406,4.912885737404851,297.5593802662774,68.09621578072554,-0.11689595752574967,0.025895785772978117,46.319708936964936,1.0923901962613252
205.0,8.378096290210253,30.06280611339383,0.010580566232941072,295.3728735281316,0.044238212332792,1.0677578174367,11.2547126623605,103.62417433743413,2.396597943592127,4.982108806938197,297.49909183780557,68.28316001330323,0.012238079543639818,0.09616932944138377,46.797520216946154,1.1258781627916135
210.0,8.390141645790704,30.161864992527992,-0.015675277102025167,295.51380069568415,0.11941820145119807,1.173157777713696,11.339808932233234,103.72253892746143,2.3024874814653673,4.935001174786569,297.5723825678727,68.50641037842097,0.01943042961718886,0.022171170129896747,46.761220972087976,1.0144176593697205
215.0,8.44166195828546,30.00563401321118,0.03481844694116662,295.4777100467594,0.09069150836493836,1.1382061163582744,11.39481243831232,103.7997711228535,2.4114015884657185,4.973430979400864,297.5387430131521,68.66424110267647,-0.023937922288421107,-0.014318330492103737,47.11083197877776,1.145641575058847
220.0,8.436248342980054,29.907495937555908,0.10304850855755865,295.5694104785895,0.019966681797010163,1.0881680136705447,11.437468398055545,103.89257622811165,2.265062819038781,5.079705003816084,297.5374772487008,68.94423982826609,0.013938707373773939,0.015763846775021184,47.19656238102576,1.1399499553642192
225.0,8.53700986467331,29.925047462527033,-0.036055162569822725,295.4006799908715,0.05047775452032184,1.0525358786096655,11.503946429930838,103.91028707032626,2.368830001761612,4.9278280555564775,297.43142624681974,69.14433683969295,0.022363729243855185,0.024940007432129718,47.477623823926194,1.1289899811082276
230.0,8.52320098219577,29.844522770734653,-0.0459929177904558,295.47957132916315,-0.020337995409383868,1.0816624753212625,11.549972489153118,104.18760903361101,2.1904888104599407,4.949259019294353,297.5278274640903,69.32331008069477,0.011012070462056689,-0.005692900480892285,47.74758078375838,1.1793456586447781
235.0,8.564765376898508,29.929348256810044,0.10524501334211037,295.4817308696362,-0.02895430609081205,0.9951039552640869,11.39875478770546,104.15553788701477,2.347690873978505,4.9849571354398226,297.5474020785595,69.69452997432175,0.023683023747912892,0.007083216620039684,48.03737025258031,1.1183897554628905
240.0,8.517252624532347,30.042831125565844,0.09849929294508397,295.47124669348534,0.04931273738662559,1.1082059946312706,11.645843433753049,104.1826054371775,2.224216140935543,4.911084961548783,297.5514180423159,69.88539859652714,0.06759967388298278,0.00024167465862812154,48.35926958057427,1.2165715398995247
245.0,8.416528250756913,30.18665596565236,0.11877976626763623,295.4027805430698,0.06838396001297914,1.0241868934254108,11.614103476577387,104.33781098192757,2.3669249062877373,4.889475849753983,297.496782090087,70.04317147346522,-0.029502429977150975,-0.02096265619543521,48.50244087346062,1.1351641176675795
250.0,8.416613253738133,30.12034187560815,0.1250248612130543,295.42845376979915,0.03336535469412121,1.1023230564439208,11.560622943159958,104.3665356395698,2.3491837810544243,5.056449962415399,297.53923364057675,70.13193407005596,0.03089849181184362,0.050188505005195824,48.61441401729943,1.1654835465422189
255.0,8.375353112068154,30.132038860076914,0.02933491306195208,295.6221263848262,0.0739358097180353,1.0693180333565402,11.73504402935242,104.34848373878752,2.431874337064408,5.177699095101695,297.5261532010712,70.34802022753304,0.03682740761342068,-0.001328033722240567,48.82112734309171,1.2589520719677056
260.0,8.36820781672598,30.04075738203993,0.08712191139564252,295.5458550082806,0.0069718731077104005,1.099872361621348,11.639413935947344,104.60476666801222,2.3526243481008757,4.981297476566081,297.47799643081686,70.4149592380276,-0.010928522076220722,0.036694504820900656,48.77202426589447,1.1535372149251406
265.0,8.541948708609045,29.90640063267657,0.01410678547631607,295.5565159223962,0.02788817355853413,1.1188371478696677,11.869983956950664,104.67619641373331,2.464132314434578,5.046444968892296,297.5413737204027,70.55691566886343,-0.001641013296296372,0.038967939190874545,49.03220402371411,1.1222347866301594
270.0,8.467763909520334,29.89564513314152,0.0609191364438661,295.6138226110413,0.06201784328584001,1.076584479113203,11.669582452227022,104.68099601237768,2.4611174677541077,4.983640992437156,297.5091749970377,70.60457157364439,0.09413511482328056,-0.06588407393707948,49.35333958425033,1.2139340486726464
275.0,8.58351613045623,30.079661367526803,0.06393602277748914,295.5851569822846,-0.010688422017020582,1.026991851748557,11.725242200020357,104.7575153260866,2.379905750507705,4.988235705020371,297.49335962348516,70.93181276043956,-0.006340103820262004,-0.03730490069001689,49.409638093653975,1.1360680963913543
280.0,8.464680500817927,29.92760570307496,0.043680035733255,295.63903729692424,-0.008670178658276413,1.0793688278367175,11.718065129850299,104.88668410383686,2.279792017590046,4.95572253010115,297.49435254555027,71.02052220289391,0.04778199912246873,-0.042584740144519226,49.51970822352387,1.1112253775138612
285.0,8.446047500408062,30.010868979162254,0.10795081239214699,295.67059298503034,-0.01766254407518135,1.050749503828257,11.776872344907163,104.96477565467295,2.43759709487428,5.100756451192498,297.4309675975413,70.92415732178493,0.03946764581371149,0.004571868609871228,49.7501926339038,1.2671013432811071
290.0,8.441295769530942,29.999449917627675,0.08499152312917027,295.7497358417977,0.05458556785902274,1.0069188616365516,11.723965677547769,105.02675750775136,2.438749097794029,5.054468599949359,297.51082175295966,71.1416362027269,0.04866914129861232,-0.023732027892214267,49.65781253504562,1.22393901596287
295.0,8.468915176884217,30.06106908772592,-0.031525157259607015,295.682503824906,0.09881685871655971,1.0098886599979113,11.785556692395598,105.14019023577616,2.3396718036718505,4.9621942201723765,297.49533064588593,71.19567765053468,-0.057821420582037195,-0.04000713575096259,49.706352775116535,1.2777646810464536
2.2204460492503091e-16,8.468755445824767,29.904592095025592,-0.021332628361496856,295.4943123390742,16.053576416505358,1.1658390371170546,0.19077031377280823,102.15287617066846,0.9841436362004301,4.963192706443648,298.0389217730778,0.006566452304926336,0.11873970522518915,-0.005705508919595665,0.11279714239221061,0.08588225121963614
5.0,8.44340613682545,29.958340931541773,-0.07250932170343174,295.5100155810564,15.733764019136956,1.0561611336928225,0.15852331570549097,101.9055373840799,0.7915183267009497,4.973423152510224,296.8817320672591,0.4284934578928424,0.03189938494755808,0.021897500209104054,-0.006243128151206339,0.051863909281428464
10.0,8.489505105711014,29.892642357346258,-0.03901832812802462,295.42101185256246,15.648195649987152,1.1441104740680177,0.20252328553171944,101.88876805772857,0.8378143760238754,5.021851232908717,296.7779598642236,1.0598326381378362,0.037932159624420175,-0.030921037083136305,0.04488872517497146,0.009996754696675379
15.0,8.41943421920071,30.10900816038439,-0.013137562939551806,295.38344542340866,15.256371615250053,1.125492130605637,0.47648377398918984,101.74128321725244,0.9062372386528224,4.9995990254219445,296.8542024190992,2.0536974053777888,-0.04143115240875469,-0.011475719072056502,0.16354337751475895,0.027546571566066602
20.0,8.359485474152507,30.18947663756755,0.08056337419804774,295.3653933192997,14.552798761841556,1.038919748452354,0.7048185264274965,101.65724909139914,0.9408116162267458,4.965983121313175,296.9040399703146,3.791112908549259,-0.0365180199961505,0.09419564282660468,-0.00461140464048148,-0.0387396309668382
25.0,8.437921245101055,30.28018160757065,0.08439409381049116,295.3554613234074,13.443902431107476,1.0434706327977261,1.2110031163247088,101.47905763810805,0.8955791782238336,5.018435391714104,297.12565580750316,6.61045489366874,-0.04995115367423839,-0.015691706038293778,0.07129992248490305,0.006513153333050468
30.0,8.33716287550077,30.272464324808332,0.0583518925849611,295.5123869913772,11.693652826330123,1.1043874422100142,1.8770639971244665,101.36156296659604,1.0563571325247727,4.862606788728524,297.4396763789511,11.159170817318707,2.560270227936704e-05,0.05363246429250273,0.01997657597624031,-0.042123897456612214
35.0,8.493693398812669,30.133224275350116,-0.054678079045846886,295.41918146476957,8.97036515912385,1.111211264074511,3.0949252343020013,101.17702710624472,1.2439251608499953,4.99105125135727,297.45658401286636,18.305049738836804,-0.06634845973192405,0.04734166839820942,0.011096282579395853,0.02736556465158961
40.0,8.473210882000275,30.11768503958701,0.019662953279658252,295.54333187352466,4.803430506561375,1.0744919690663195,4.838710050698252,101.13179480727484,1.4501297543246645,4.930556963520823,297.598726799676,29.015329949673326,-0.005366057849911693,-0.05255330332707436,34.43006666428086,-0.059354505239116874
45.0,8.447166919645982,30.021057364612673,-0.038739247267378776,295.6594746605527,0.18402882247559885,1.0299296049270374,6.793723201033106,101.12358952665805,1.760646510432104,5.103129483606555,297.46077899632314,40.24620447847687,-0.08934908549397767,0.06045413017829763,33.008103715416986,-0.013496624392243375
50.0,8.535928599396692,30.02067380344371,0.06448085417711004,295.7339271835002,0.10364341626971857,1.1242995767749755,7.035783333885274,101.07061639384469,1.7639172568721408,5.234115602927833,297.59246189896254,41.621767852986686,-0.0820870987301373,-0.022992235465887287,0.06912552979751074,0.12850685838279707
55.0,8.4813768844245,29.963634280160182,0.007720416070840896,295.606466060871,0.07518882499432489,1.0709132680451285,7.228087678045434,101.07801354066386,1.788787505627495,5.118848645645017,297.4393591482188,43.35002832756304,0.057230896904021694,0.009105162247367293,69.59816753183595,0.18799296479315739
60.0,8.487999466678916,29.912460160547127,0.13578977158687572,295.6829826337862,0.09556499712435705,1.0490444007768491,7.513853019256687,101.29820551179074,1.9003596639074936,5.14058443444188,297.11174037685197,44.8713190877283,0.05036699265724707,-0.05261479723462459,-0.06327943082473135,0.2489096043859259
65.0,8.489747870531186,29.858257833420172,0.0016790593877785975,295.6353151437074,0.06369331275616871,1.1175965975863553,7.705059251937313,101.2894611688704,1.8534922738622277,5.0371470559560585,297.7752740797447,46.537093130268126,-0.10780969888832283,-0.08120761710903182,92.96332288818176,0.23855640096625913
70.0,8.419645545347965,29.93064171933948,0.015421281735555677,295.6556768172874,0.09204825336514016,1.144432543397429,8.065998143541504,101.37653464230837,2.0332210059326323,5.034923945930735,297.1661900235145,47.960239513600676,0.012666342889686015,-0.0012371337386681558,0.013987379301921836,0.3367937641570542
75.0,8.49162193616568,29.89321697579195,0.08185111997790301,295.5806992603148,0.07040211335916083,1.1093958630715641,8.071440355162162,101.47947799807332,1.9885989405706068,5.004603799651421,297.43382723683595,49.29538633853798,-0.040278087004203836,0.002749842338181912,28.78910609361837,0.361120981680901
80.0,8.440021519645754,29.922579385884923,0.07865230397254368,295.60196026468685,0.10907330880083159,1.0626162450922654,8.32005546100759,101.53519107285194,2.070661342212108,5.048119137517949,297.3254915104081,50.49312241573788,-0.10786975966544196,0.02999471239441939,72.07659754680414,0.4252038001696957
85.0,8.455120280235938,30.025580498792888,0.13161447799715262,295.7610386337961,0.11812562859884998,1.0735280817942199,8.521066061792292,101.63966160902193,1.9664474441296182,5.027274432818328,297.57427431191115,51.695087357672605,-0.08640559670119394,-0.032353832768800356,0.08423963312835112,0.5087968221507267
90.0,8.491938634667243,29.76998374727455,0.08776845664818256,295.67597935472963,0.09907427992505845,1.0584351009304342,8.817662787208073,101.72737946110153,2.0387223923773012,5.106917423510977,297.4220506911195,52.92214423140242,0.06783998834755409,-0.01423664965471428,97.88649434250183,0.4853031980796468
95.0,8.427816888071845,29.847292869402125,0.06110961165857677,295.6846860201271,0.006551918266579533,1.1078484905552188,9.001213932601011,101.8579082588083,2.0192959109834066,4.969844605965413,297.19390111006334,54.109947413944,-0.03735928480504361,0.09150861204192075,-0.07280270186430182,0.5008661373547414
100.0,8.392411231778588,29.731410630598813,0.048952073282927173,295.52918576841927,0.16391241235085346,1.0574077313666044,9.071826491759355,101.95971349037507,2.215433491951452,4.961140122183551,297.8099122363307,55.145210544633066,-0.054132626432927614,0.05010695029930624,109.23696645143684,0.5487956662687817
105.0,8.377283236744058,29.652738928425823,0.06816122719149102,295.5968174133132,0.051473613898078814,1.1309142396235496,9.361974132509415,101.99395652933448,2.173806749022095,4.907258242653694,297.129171298875,56.18366385922132,-0.04171212780048042,0.029078971073813825,0.008617365066388298,0.5902350695472177
110.0,8.25588179627678,29.772247956385257,0.07550493829346278,295.5221809880472,0.048631254564881245,1.1138560236979396,9.508935114967787,102.15856581535398,2.0686155831901307,5.031292858500302,297.56937988617216,57.2288089379468,0.02671381819490461,-0.059318666998135115,46.796630487151035,0.5662596375081055
115.0,8.376104583843526,29.796136407371783,-0.04309273186104002,295.49350879882945,0.157275736477578,1.0278592770921884,9.613019368791106,102.14210585776794,2.019398402617464,5.075202960097348,297.48273990482534,58.14447280527726,-0.042013948197220194,-0.023264716988782175,59.616975380387075,0.6357830566099275
120.0,8.394910289342196,29.93717384521357,-0.00023314898338950424,295.4480330516703,0.09418461649664428,1.0704101872952423,9.808904527158607,102.26196938004972,2.11974122639161,5.029246137662878,297.5611594719317,59.08547321282079,0.04267134181050256,0.00021118923506319252,14.120098291493735,0.6024507750461889
125.0,8.348136600780135,29.768034841369996,0.07812675094210836,295.5345926719686,0.08179118593234237,1.0652585251351017,10.016954659703021,102.39696643403738,2.0913207190796785,5.098170870052604,297.4742110319762,60.04332479972888,0.05872330123161364,-0.04138708649884045,87.7191138178961,0.6446931651545968
130.0,8.343900638287982,29.810502554681424,-0.08649226808291437,295.44294910961924,0.07130386463190934,1.0038362809213324,10.077060609269871,102.45428977500913,2.209694919463577,5.030661298347163,297.3924675028225,60.83699040231162,0.024718688002671175,-0.008439680762037353,10.581651609709464,0.7863579860537961
135.0,8.422680986496816,29.771640462111076,0.01259719560712385,295.57711335450415,0.0073422038383276975,1.0583550555458985,10.366480126605294,102.37809648857089,2.183427123022623,5.018124755544323,297.5775119919371,61.60653289091206,0.0008565829366690113,-0.13048562993816198,96.60781203090704,0.7410426213394576
140.0,8.44194082041642,29.812930160523706,0.025138699199056536,295.55809488641404,0.01909345622331962,1.0682222427253825,10.314832391574578,102.64070018688797,2.1639155846394407,5.052384148493809,297.4521292463287,62.404640681245446,0.010413410337637093,-0.055694435700897035,13.479126745632902,0.7524571218489546
145.0,8.519832964903282,29.908211057339933,0.017126758340772878,295.63351487573095,-0.0050469106106096825,1.1842948515295069,10.480725923794909,102.77525952862048,2.229306819980078,4.9795232530145555,297.7174871930082,62.811941126530805,0.06446054791995143,0.016241182340684654,65.96410977135584,0.8410793427125457
150.0,8.500730449349724,30.09148329077328,0.05287521572928034,295.60657458969456,0.02205713549310357,1.0053459388447696,10.502202024211734,102.84196134797963,2.1926550562223075,4.951525509724127,297.39975439857204,63.463309563418406,-0.07155773644503666,-0.0008400473040343845,29.146545972761686,0.7819079329140579
155.0,8.428377711554662,30.23509677939957,0.014190933878994817,295.5391454404992,0.11048786325222926,1.1371790392024343,10.687364673703295,102.88982854413467,2.2060851051966734,5.003937581590159,297.4747548154636,64.14869624674748,0.0482525573871529,-0.08327604756812099,50.32128489563278,0.8817554018865271
160.0,8.3426254112251,30.05483292924493,-0.03997699463216614,295.5753871315842,0.04712036235885943,1.0361314833622766,10.725149059214935,102.97950290121852,2.17265051804797,5.037788142205646,297.4982038554009,64.69144150779326,-0.0915183634234098,-0.03092445107837673,39.77584847563583,0.8004787162312114
165.0,8.422971068586534,29.942444396873853,0.038681884363341475,295.5739199111141,0.044439340848019586,1.1300546054451739,10.807864346661706,103.12542676698644,2.498535762526078,5.019800937695706,297.5200684032857,65.32167535555547,0.016828284267324876,0.032697048473628615,45.48988581657383,0.9271945659552515
170.0,8.475609618144595,29.84563269886681,0.11887127698067071,295.6164143874373,0.0017881412185566728,1.1191629979559223,10.955256547317449,103.12441844371011,2.272961481254694,5.005186489520075,297.5398585783887,65.85243618168523,-0.0886091013189017,-0.06092027387367335,44.27809201013314,0.8335542832729831
175.0,8.473980450237336,29.778067829531924,0.08450916167491981,295.65483375236323,0.08293462308700064,1.0514432472407849,10.955035919505923,103.34298403134531,2.282593180001587,5.050052484036202,297.4455008455563,66.40164517279038,0.06281452442090722,0.005191802750086933,45.244233831915544,1.0810259598337781
180.0,8.442633518023147,29.807606768243485,0.09793120690948284,295.55585230845315,0.03995417695570391,1.0799691000153393,11.078285134522117,103.29213014669627,2.3200198600095665,4.9563231575660165,297.57730496978485,66.74399269798138,0.07712052521348614,0.004636968701234551,46.00657372553978,0.9438138643427508
185.0,8.551445350556778,29.698476419465354,0.09318308667083972,295.5722927531244,0.02382541590636658,1.0445145346883598,11.052948895696257,103.34915699114595,2.4236341716405376,5.033228637869856,297.4438527986699,67.07338598974133,0.02736627558726503,-0.025114799641559632,45.77753568654237,0.9542508657422216
190.0,8.541127865470704,29.811702275489857,0.10450634258811109,295.5790840570287,0.002911403748249792,1.1377664433214774,11.19301469839651,103.46680389250928,2.4055953391425584,5.035263093868934,297.4967008507775,67.21779044804286,-0.014259356530931232,-0.01018991632561178,46.38498881773161,1.0353078235872197
195.0,8.424781918448154,29.979234915018083,-0.0034168149162107503,295.5943805065164,0.002138639726352344,1.1539617332651078,11.173819210067165,103.58500844425127,2.5150425325734833,5.03854274187842,297.4142949928037,67.46042538322068,-0.0741902617756168,0.07225320199202293,46.40013703454563,0.9808797632538593
200.0,8.404427290205936,30.10394031389987,-0.01576729175462728,295.5120308974778,0.07692861708213491,1.0509360769763225,11.210499012185453,103.56068866236096,2.247899522505936,4.958342367165789,297.3828353579708,67.66927694221162,0.020955679363500148,0.02858469905336284,46.53418195084068,1.0828504971345645
205.0,8.350152663093514,30.22896990042046,0.02111985742647691,295.52737295089366,-0.014278457618190937,1.0487928006906793,11.23199672522503,103.69542968935487,2.302364560389076,4.941610828303218,297.4942296789547,67.84999962139209,-0.042824354512062485,0.07883308802574247,46.67272311523602,1.0755919435187786
210.0,8.417690747852703,30.298717630906975,-0.007795278498805722,295.5484593105011,0.02340377867743688,1.001934045107923,11.353551300398694,103.7702060699899,2.4993777088899196,5.079837399927813,297.51776679810047,68.14135354143603,-0.002854253159550577,0.037140988897133104,46.91385417209475,1.0981415030231465
215.0,8.406557388158603,30.358158294219052,0.012694280181567454,295.5307815204007,0.09212563701127921,1.1563256102133785,11.339255969091402,103.86914928973746,2.342708108025935,4.992500160044513,297.44445232666857,68.34245022694478,-0.08456319748408471,0.059481863371491354,47.18215849498537,1.085268117970298
220.0,8.375718753707654,30.30590395806567,0.08593262869731316,295.59318530515174,0.05898510787381556,1.0862603082500688,11.38834004833396,103.89765125532989,2.2964816054380774,5.0397515703689315,297.39172789825216,68.55184970139084,0.08471312942243323,-0.045578017003645534,47.58259012506855,1.082696104855757
225.0,8.343813060148022,30.218373153864786,0.07113691240180622,295.5901569850514,-0.046705573728931346,1.1184121411509538,11.245408795492285,104.01421232240128,2.262963711361952,5.090777996989349,297.5188689384333,68.90669881759412,0.04820641348574573,0.1238190762576075,47.96299843021137,1.1223476829362597
230.0,8.323443658594764,30.047495689444354,0.0013222042051463934,295.6078442396236,0.0320710719414899,1.0629255830991375,11.46484092681002,104.1367884295958,2.401531497671749,5.05664154822186,297.38176622085564,69.11392995792637,0.024907577202933386,0.014358680290296487,48.3294818882385,1.115144350321374
235.0,8.332615967748144,29.983268069305616,0.08368163830115374,295.6751124159126,-0.015212935499560227,0.9746868131376138,11.481369283391668,104.11948806309782,2.4161110384171467,4.948724664976994,297.49343567738526,69.49977591789515,0.07781352979116928,0.03117841353106579,48.54524614523881,1.1334035095488244
240.0,8.375849868595177,30.00216226548898,0.07008218624192698,295.6035406250623,-0.0958261591228691,1.006120545045426,11.515143600021231,104.30764893428255,2.487681008884327,5.044829083923614,297.50840171758875,69.71318161900092,0.05649012949177773,0.011681274282398933,48.936721665135465,1.1132113266008667
245.0,8.356827642113432,30.0721522833697,0.05233376995222394,295.6967647159394,0.023819288871210053,1.0981985836610721,11.56759930831391,104.35050065746991,2.4778504268360253,4.9550231621997956,297.48104573479367,69.8802959509302,0.10276641426618657,-0.09532977245833887,48.97264163033114,1.215829785599956
250.0,8.325112501097907,29.987936552232867,0.04720261394384065,295.6051304639267,-0.0009107619811489056,1.104428820379462,11.571772887192884,104.35014956495596,2.3921756611401337,4.913545305701659,297.46524325089064,69.98181503630376,-0.00036539591707212627,-0.0013049414383229413,49.023759923729166,1.0879017466993721
255.0,8.370534852375725,29.732112700300554,0.0703651641505815,295.7114893731482,0.026427570792589346,1.157847337474092,11.605215519389697,104.46005517726442,2.4154310676948736,4.909854874457574,297.4653171160343,70.17387594005189,-0.04339626485532023,0.05621026993463321,49.24254655941756,1.1634856340797095
260.0,8.285015736481089,29.620348219483642,0.17552069677595142,295.56965228365243,0.005174102572606917,1.0823320557857492,11.579410195741254,104.61303793478277,2.4622876669046327,5.03376515818154,297.4485120205843,70.22096426853213,0.017217023886132457,0.010979913623563653,49.30625613850377,1.2595049755944978
265.0,8.398823575048231,29.60523136679053,0.1104105930094243,295.665054735477,0.12076159047722425,1.1246462581421313,11.62904430608308,104.6518605303028,2.358179494811687,5.000137464438475,297.40666009582844,70.16796209482412,0.010757423912505424,0.0738496168140229,49.39264250568686,1.1535862992597645
270.0,8.295865087340118,29.60437866891154,0.12914356635795474,295.62079399203253,-0.09141021565403291,1.1079928680125177,11.572269240083738,104.72162604710654,2.4629911563380453,5.061516471935516,297.4670279750458,70.15612141701831,0.07112499046544779,-0.03341097309892634,49.24213482641259,1.2442825751214222
275.0,8.338679846952267,29.732575077357467,0.03289942470850143,295.62525876029724,0.005947897669550768,1.1564371085737082,11.588062047541138,104.70680839348016,2.5034034813188524,5.004903882470648,297.4445117972108,70.09252787257962,-0.025986477403913338,-0.02181442970223455,49.169125503564175,1.2660899492355027
280.0,8.427600821879794,29.904221391623103,0.00015536635589908504,295.454889322618,0.05603819295891045,1.1839131559579261,11.501392569483805,104.77800660984123,2.4018760758793216,5.094194658498065,297.421926867897,70.15775934391561,0.02788367130673104,-0.11210425660302405,48.99232174152996,1.2337327764537938
285.0,8.397056073482437,29.96952471202717,0.05335036508144297,295.515115029243,-0.06277173137237987,1.111064646467864,11.5245937847864,104.89439755010396,2.311048118504793,5.045868611771206,297.58225236057075,69.9807544252938,-0.030642098524188654,-0.01135703746825715,48.978778794561535,1.250574190911756
290.0,8.501111333365373,29.967669496887748,0.03232678165603535,295.5445681127952,-0.07363080387890163,1.0808308558906539,11.59603696465551,104.94923537321341,2.430663145018525,5.103599060499923,297.43346892351866,70.06966128160119,-0.017608032165009283,-0.028889795526822862,49.08876065497171,1.2760143073700105
295.0,8.396976253951996,29.966592213783212,0.10084449875787543,295.46080089963056,0.08055622128689838,1.0674115963587614,11.575072500275464,105.12577710704028,2.3438774706185486,5.053460388400928,297.416226325747,70.12423199939039,-0.059296131727810404,0.03106117896693566,49.174543930405804,1.230326592416346
